horizon,previous_rmse,current_rmse,pct_change,status
1,0.3822192904453062,0.3822192904453062,0.0,pass
3,0.4663779853841315,0.48557809264009366,0.04116855395768311,pass
7,0.6454041005345024,0.6628882985055694,0.02709031125861643,pass
